{
  "vertices": [0.1,0.0,-1.0,0.1,0.0,1.0,-0.1,0.0,1.0,-0.1,0.0,-1.0,0.1,3.5,-1.0,0.1,3.5,1.0,-0.1,3.5,1.0,-0.1,3.5,-1.0],
  "materials": [{
    "depthWrite": true,
    "colorDiffuse": [0.64,0.611485,0.441507],
    "colorAmbient": [0.64,0.611485,0.441507],
    "DbgIndex": 0,
    "transparent": false,
    "shading": "phong",
    "specularCoef": 50,
    "DbgName": "Material",
    "depthTest": true,
    "colorEmissive": [0.0,0.0,0.0],
    "visible": true,
    "wireframe": false,
    "opacity": 0.0,
    "colorSpecular": [0.5,0.5,0.5],
    "DbgColor": 15658734,
    "blending": "NormalBlending"
  }],
  "name": "CubeGeometry.10",
  "faces": [35,0,1,2,3,0,0,1,2,3,35,4,7,6,5,0,4,5,6,7,35,0,4,5,1,0,0,4,7,1,35,1,5,6,2,0,1,7,6,2,35,2,6,7,3,0,2,6,5,3,35,4,0,3,7,0,4,0,3,5],
  "normals": [0.577349,-0.577349,-0.577349,0.577349,-0.577349,0.577349,-0.577349,-0.577349,0.577349,-0.577349,-0.577349,-0.577349,0.577349,0.577349,-0.577349,-0.577349,0.577349,-0.577349,-0.577349,0.577349,0.577349,0.577349,0.577349,0.577349],
  "metadata": {
    "version": 3,
    "materials": 1,
    "faces": 6,
    "type": "Geometry",
    "vertices": 8,
    "generator": "io_three",
    "normals": 8,
    "uvs": 0
  },
  "uvs": []
}