{
    "vertices": [0.10000000149011612,0.0,-0.9999999403953552,0.10000000149011612,5.960464477539063e-08,0.9999999403953552,-0.10000001639127731,5.960464477539063e-08,0.9999999403953552,-0.09999996423721313,0.0,-0.9999999403953552,0.1000000461935997,3.5,-1.0,0.09999993443489075,3.5,0.9999998211860657,-0.1000000387430191,3.5,0.9999997615814209,-0.09999999403953552,3.5,-1.0],
    "metadata": {
        "vertices": 8,
        "generator": "io_three",
        "version": 3,
        "normals": 8,
        "faces": 6,
        "type": "Geometry"
    },
    "normals": [0.5773491859436035,-0.5773491859436035,-0.5773491859436035,0.5773491859436035,-0.5773491859436035,0.5773491859436035,-0.5773491859436035,-0.5773491859436035,0.5773491859436035,-0.5773491859436035,-0.5773491859436035,-0.5773491859436035,0.5773491859436035,0.5773491859436035,-0.5773491859436035,-0.5773491859436035,0.5773491859436035,-0.5773491859436035,-0.5773491859436035,0.5773491859436035,0.5773491859436035,0.5773491859436035,0.5773491859436035,0.5773491859436035],
    "name": "CubeGeometry.5",
    "faces": [33,0,1,2,3,0,1,2,3,33,4,7,6,5,4,5,6,7,33,0,4,5,1,0,4,7,1,33,1,5,6,2,1,7,6,2,33,2,6,7,3,2,6,5,3,33,4,0,3,7,4,0,3,5]
}

{
"vertices": [0.10000000149011612,0.0,-0.9999999403953552,0.10000000149011612,5.960464477539063e-08,0.9999999403953552,-0.10000001639127731,5.960464477539063e-08,0.9999999403953552,-0.09999996423721313,0.0,-0.9999999403953552,0.1000000461935997,3.5,-1.0,0.09999993443489075,3.5,0.9999998211860657,-0.1000000387430191,3.5,0.9999997615814209,-0.09999999403953552,3.5,-1.0],
"metadata": {
"vertices": 8,
"generator": "io_three",
"version": 3,
"type": "Geometry",
"faces": 6
},
"name": "CubeGeometry.2",
"faces": [1,0,1,2,3,1,4,7,6,5,1,0,4,5,1,1,1,5,6,2,1,2,6,7,3,1,4,0,3,7]
}